{"ensemble_65": {"ensemble_id": "ensemble_65", "num_of_clusters": 3, "num_of_plans": 500, "avg_distance": 0.7965911850679575, "max_opp_pct": 0.30952380952380953, "min_opp_pct": 0.16666666666666666, "max_dem_pct": 0.7380952380952381, "max_rep_pct": 0.42857142857142855, "cluster_ids": ["ensemble_65.cluster_0", "ensemble_65.cluster_1", "ensemble_65.cluster_2"]}}