{"ensemble_0": {"ensemble_id": "ensemble_0", "num_of_clusters": 3, "num_of_plans": 10, "avg_distance": 0.853807698639648, "max_opp_pct": 0.2857142857142857, "max_dem_pct": 0.6666666666666666, "max_rep_pct": 0.40476190476190477, "cluster_ids": ["ensemble_0.cluster_0", "ensemble_0.cluster_1", "ensemble_0.cluster_2"]}}