{"ensemble_0.plan_0": {"id": "ensemble_0.plan_0", "geo_id": "ensemble_0.plan_0_GEO", "mds_coord": [-0.6195458547666984, -0.08922311281197746], "dem_pct": 0.6666666666666666, "rep_pct": 0.3333333333333333, "rep_dists": [31, 22, 36, 3, 21, 5, 35, 0, 12, 32, 26, 30, 23, 38], "dem_dists": [24, 7, 2, 17, 33, 20, 27, 18, 9, 4, 16, 34, 14, 15, 28, 41, 13, 11, 6, 8, 40, 10, 19, 1, 25, 39, 29, 37], "opp_pct": 0.2619047619047619, "opportunity_districts": [24, 2, 27, 9, 16, 13, 11, 6, 10, 19, 37], "population_data": {"white_pct": 0.5004239519649726, "asian_pct": 0.11045901075846616, "black_pct": 0.11530646770591108, "hisp_pct": 0.27381056957065025}, "area_data": {"35": 187281316776.3863, "22": 87700686159.55077, "29": 329955114.77023995, "30": 3839378855.4895935, "25": 336814383.99848676, "5": 81175148423.83067, "38": 800367483.601003, "24": 93243221.59228745, "32": 7096543179.619433, "40": 58871932.536686555, "8": 80167971.38862361, "7": 60719297.8379018, "12": 74397426.78105533, "1": 42756789.82983661, "2": 38442858.32723462, "17": 44399207.57810871, "19": 43831356.74762725, "14": 124223911.76843378, "33": 57911438.22237303, "21": 79098909.17173609, "28": 50323277.27621897, "36": 153483452.43508142, "27": 42210337.67587051, "18": 5318873836.200103, "9": 48311682.91937227, "13": 37763566.54655295, "16": 39903798.247238845, "31": 83367639810.52684, "10": 60776869.37080368, "41": 40282656.94267783, "6": 55487087.31664505, "4": 58890591.41911324, "39": 41822503.803503655, "34": 127098697.50170168, "3": 59422950.00063455, "15": 53995927.12648666, "20": 82812274.82008237, "11": 243346619.54731226, "0": 8823482109.575813, "23": 1531011489.1234324, "37": 79851607.58088899, "26": 10622070538.313591}}, "ensemble_0.plan_1": {"id": "ensemble_0.plan_1", "geo_id": "N/A", "mds_coord": [-0.12104278324562984, 0.4632504317814167], "dem_pct": 0.6666666666666666, "rep_pct": 0.3333333333333333, "rep_dists": [31, 24, 7, 2, 18, 3, 21, 11, 35, 32, 25, 26, 39, 29], "dem_dists": [22, 17, 33, 20, 36, 27, 9, 4, 16, 34, 14, 15, 28, 5, 41, 13, 6, 8, 0, 12, 40, 10, 19, 1, 30, 23, 37, 38], "opp_pct": 0.2857142857142857, "opportunity_districts": [27, 9, 16, 14, 28, 5, 13, 0, 12, 10, 19, 30], "population_data": {"white_pct": 0.49881971496591176, "asian_pct": 0.11002202513685604, "black_pct": 0.11565128756746508, "hisp_pct": 0.27550697232976706}, "area_data": {"32": 104938481727.38702, "31": 137746735592.52606, "37": 4092873095.1855273, "25": 7039925487.759039, "38": 402925325.9999265, "29": 3142463218.9478154, "23": 94245244.89662218, "24": 1065072023.0132244, "11": 4843793142.286424, "7": 11062897265.204845, "20": 54862629.023263685, "34": 122715703.78402618, "15": 963888817.0404643, "40": 48845828.7656988, "3": 57919615.992590345, "12": 36730311.55496272, "1": 54903466.84885271, "0": 46018453.10236515, "17": 52750402.4750674, "28": 130446454.81784996, "36": 61118084.64785567, "10": 55012842.741959214, "21": 99523382.53769973, "19": 42921947.469162166, "27": 29369050.740101848, "6": 2728656208.3101745, "18": 129017734.5081117, "41": 43909945.43632152, "4": 88197298.99637496, "33": 53019936.61443671, "5": 48368441.70415177, "35": 561499364.1606281, "14": 50069103.76051474, "22": 123548031.4124577, "13": 44634181.62485171, "16": 53184120.628507495, "9": 38041217.87642979, "2": 11106092162.581425, "8": 49773888.22382465, "26": 187538155057.45435, "39": 1274465953.5106533, "30": 80064621.74679984}}, "ensemble_0.plan_2": {"id": "ensemble_0.plan_2", "geo_id": "ensemble_0.plan_2_GEO", "mds_coord": [-0.5248077557765786, 0.4213577027673987], "dem_pct": 0.6428571428571429, "rep_pct": 0.35714285714285715, "rep_dists": [31, 24, 22, 2, 33, 21, 28, 35, 12, 40, 30, 39, 29, 37, 38], "dem_dists": [7, 17, 20, 36, 27, 18, 9, 4, 16, 34, 3, 14, 15, 5, 41, 13, 11, 6, 8, 0, 10, 19, 1, 32, 25, 26, 23], "opp_pct": 0.30952380952380953, "opportunity_districts": [7, 27, 18, 4, 14, 5, 41, 13, 11, 10, 19, 26, 23], "population_data": {"white_pct": 0.5012297067626775, "asian_pct": 0.1093787471525124, "black_pct": 0.11455193179318027, "hisp_pct": 0.2748396142916296}, "area_data": {"35": 250081968719.96683, "38": 165759305894.48126, "31": 879846142.9481862, "32": 344231939.175179, "39": 14316650028.300325, "25": 551352677.2154346, "40": 1628894174.8504677, "28": 15993787238.737463, "9": 73607049.06734993, "8": 56040778.89933201, "15": 136925438.1821944, "34": 94443144.09342256, "36": 44060000.93158784, "4": 33446817.133628495, "12": 66378588.96063332, "5": 58129876.47492249, "13": 43394893.647461124, "22": 89868156.14478928, "11": 32537667.085300285, "1": 104640099.94041888, "33": 66371173.46288737, "3": 40727902.47420535, "21": 65171855.62548592, "20": 107864002.18640962, "6": 47146595.21283921, "2": 17137118694.012909, "10": 45435547.77863332, "19": 37631027.99618748, "41": 432429676.4271437, "16": 165446822.86781526, "7": 60315691.408844315, "17": 45648044.40337424, "18": 54735124.158232085, "30": 60972906.51944426, "0": 67838247.44942145, "14": 50069103.76051474, "27": 38054870.09790804, "29": 1869891314.232466, "37": 1395415637.301972, "23": 85469036.56450827, "26": 81245009.98467064, "24": 7952628773.136634}}, "ensemble_0.plan_3": {"id": "ensemble_0.plan_3", "geo_id": "ensemble_0.plan_3_GEO", "mds_coord": [0.47060408885457683, -0.42538229090237945], "dem_pct": 0.6428571428571429, "rep_pct": 0.35714285714285715, "rep_dists": [31, 27, 18, 16, 3, 14, 21, 5, 40, 1, 30, 23, 39, 37, 38], "dem_dists": [24, 22, 7, 2, 17, 33, 20, 36, 9, 4, 34, 15, 28, 41, 13, 11, 6, 35, 8, 0, 12, 10, 19, 32, 25, 26, 29], "opp_pct": 0.2857142857142857, "opportunity_districts": [22, 33, 20, 9, 4, 15, 13, 11, 6, 10, 19, 29], "population_data": {"white_pct": 0.49961091360016385, "asian_pct": 0.11029807322182927, "black_pct": 0.11507572939494584, "hisp_pct": 0.2750152837830613}, "area_data": {"23": 118400768161.26501, "26": 396630689.10837567, "31": 23416196973.804806, "24": 60037101.54393259, "25": 1015361667.2920718, "30": 357930737.05706793, "39": 1248380071.2976584, "40": 8611846005.264967, "5": 11519574574.775078, "27": 170773688.82432246, "8": 66527155.973506965, "32": 117571350.6894455, "34": 66904895.72385253, "7": 84790029.4041342, "33": 35398132.60176992, "2": 53205775.22718899, "22": 58965410.600653246, "19": 45073805.102847256, "17": 69765163.66492262, "14": 69315590.53781198, "35": 58849237.71379961, "12": 49356653.61713276, "20": 131583979.41478671, "6": 42916378.36744235, "10": 32400004.222906888, "16": 86515481.04146574, "9": 55242910.997441955, "11": 50964887.9958178, "36": 40164910.00602064, "41": 49035873.351885706, "1": 70725324.76648135, "3": 3267825905.4936438, "0": 46949706.25919248, "4": 53817968.11340077, "28": 115714489.82033071, "15": 52456519.65892777, "13": 28446297.98707667, "21": 16319582268.043854, "18": 208177911346.94254, "29": 80149746.38117564, "37": 5689826584.979767, "38": 79931682928.36401}}, "ensemble_0.plan_4": {"id": "ensemble_0.plan_4", "geo_id": "N/A", "mds_coord": [0.5075166457096351, -0.07427378304040662], "dem_pct": 0.6666666666666666, "rep_pct": 0.3333333333333333, "rep_dists": [31, 2, 36, 18, 15, 0, 12, 19, 1, 32, 26, 30, 39, 38], "dem_dists": [24, 22, 7, 17, 33, 20, 27, 9, 4, 16, 34, 3, 14, 21, 28, 5, 41, 13, 11, 6, 35, 8, 40, 10, 25, 23, 29, 37], "opp_pct": 0.30952380952380953, "opportunity_districts": [22, 33, 20, 27, 4, 16, 14, 5, 13, 11, 6, 10, 29], "population_data": {"white_pct": 0.501438632907241, "asian_pct": 0.11013472935707101, "black_pct": 0.11510683244588368, "hisp_pct": 0.2733198052898042}, "area_data": {"30": 204054337200.02432, "24": 3841317356.9982314, "31": 28586527181.92255, "25": 528415078.57731736, "29": 366237049.80907017, "23": 93822889.87879029, "32": 957289627.4982616, "15": 761015782.6914835, "19": 41356845478.34076, "7": 65699853.40205279, "17": 111375000.12986566, "41": 89250427.03448428, "34": 57508533.99935579, "4": 49999646.0116986, "2": 66057514.16782296, "33": 43374754.515554026, "14": 46438418.27732003, "20": 38309465.883557804, "10": 265165028.56211168,