{"ensemble_0.plan_0": {"id": "ensemble_0.plan_0", "geo_id": "ensemble_0.plan_0_GEO", "mds_coord": [-0.2713791655330834, 0.5688458187741502], "dem_pct": 0.6666666666666666, "rep_pct": 0.3333333333333333, "rep_dists": [31, 22, 7, 20, 34, 14, 5, 41, 12, 1, 30, 39, 29, 37], "dem_dists": [24, 2, 17, 33, 36, 27, 18, 9, 4, 16, 3, 21, 15, 28, 13, 11, 6, 35, 8, 0, 40, 10, 19, 32, 25, 26, 23, 38], "opp_pct": 0.2619047619047619, "opportunity_districts": [24, 17, 9, 3, 21, 15, 11, 35, 0, 10, 32], "population_data": {"white_pct": 0.49959881733518136, "asian_pct": 0.10987746927329295, "black_pct": 0.11449717675970057, "hisp_pct": 0.27602653663182525}, "area_data": {"5": 235518058544.74667, "2": 409687951.7300974, "24": 7606884562.218535, "37": 136705040669.43712, "26": 822584938.5725847, "39": 197355914.7608038, "31": 5320279667.665929, "25": 228557881.30751264, "12": 2666181944.4090805, "28": 759994652.0710126, "14": 81094669.30525707, "16": 4008524316.8005357, "34": 966318479.6741377, "4": 1002392301.2700429, "6": 77075569.99507657, "36": 56705166.66410805, "38": 79514955.81438737, "30": 80283479.23280528, "15": 32810666.646521967, "17": 51555378.06776457, "7": 90229881.1896502, "40": 56271522.28778926, "11": 41605518.66328374, "32": 65881036.76974015, "13": 55380056.84603311, "18": 45861962.99459649, "21": 54901686.95652217, "20": 102976099.60526387, "9": 39300885.735556245, "10": 35748454.71575452, "35": 39911555.86361804, "41": 68390262759.78, "33": 131243235.93201986, "8": 85917189.73381309, "19": 46147333.90978232, "3": 60808043.97021345, "1": 5781851659.768456, "27": 72268696.81476688, "0": 42762838.54729511, "29": 7148192860.818395, "23": 52364470.91707233, "22": 1186346921.0888662}}, "ensemble_0.plan_1": {"id": "ensemble_0.plan_1", "geo_id": "N/A", "mds_coord": [0.2262316759943755, -0.6403402321777784], "dem_pct": 0.6190476190476191, "rep_pct": 0.38095238095238093, "rep_dists": [24, 7, 17, 36, 18, 21, 28, 5, 13, 35, 0, 10, 25, 23, 39, 29], "dem_dists": [31, 22, 2, 33, 20, 27, 9, 4, 16, 34, 3, 14, 15, 41, 11, 6, 8, 12, 40, 19, 1, 32, 26, 30, 37, 38], "opp_pct": 0.23809523809523808, "opportunity_districts": [2, 4, 16, 41, 6, 12, 19, 1, 32, 38], "population_data": {"white_pct": 0.49963026628435064, "asian_pct": 0.11022413723761629, "black_pct": 0.11538773905769809, "hisp_pct": 0.27475785742033515}, "area_data": {"35": 247575488388.50424, "36": 114007765046.25732, "29": 7350920470.317079, "37": 936573811.0908569, "24": 36740084495.36603, "28": 5570894857.77369, "31": 179419680.41567504, "30": 60387563.395858325, "10": 26403978526.02246, "13": 730507720.4121151, "17": 250782387.05582544, "11": 53841640.84791965, "9": 103798139.34764387, "3": 80526334.6042969, "33": 81775934.50294712, "5": 60632045.69031582, "40": 53811111.975495584, "32": 33737484.4898706, "7": 64419086.151247166, "0": 50510434.49576699, "20": 71715028.83050312, "41": 37680129.188617036, "22": 79014943.13013166, "8": 90955922.60456936, "1": 45768034.762782715, "19": 31775200.1021105, "6": 255375610.0785554, "23": 82447194.97097956, "2": 244904833.52717516, "14": 104825899.59820792, "12": 48571262.07148563, "34": 54787373.71132159, "18": 50191628.634314746, "26": 48482838.577199735, "27": 3663909648.72206, "16": 47859652.470259696, "15": 46195801.617142074, "4": 42966269.40459586, "21": 28057187188.159008, "39": 2382843736.7021604, "25": 4351561691.280868, "38": 68261336.43774232}}, "ensemble_0.plan_2": {"id": "ensemble_0.plan_2", "geo_id": "N/A", "mds_coord": [0.23451628056253299, 0.6608202800311489], "dem_pct": 0.6428571428571429, "rep_pct": 0.35714285714285715, "rep_dists": [31, 7, 20, 18, 9, 4, 34, 14, 13, 12, 32, 25, 26, 39, 29], "dem_dists": [24, 22, 2, 17, 33, 36, 27, 16, 3, 21, 15, 28, 5, 41, 11, 6, 35, 8, 0, 40, 10, 19, 1, 30, 23, 37, 38], "opp_pct": 0.23809523809523808, "opportunity_districts": [36, 27, 34, 21, 11, 35, 0, 10, 30, 37], "population_data": {"white_pct": 0.5008262793406167, "asian_pct": 0.10912362647135954, "black_pct": 0.1150398320555478, "hisp_pct": 0.2750102621324758}, "area_data": {"32": 232213978668.98053, "25": 116855933443.1221, "24": 1060082795.9320805, "39": 27974584748.680256, "5": 106915869.15557407, "12": 905803007.278576, "23": 387066340.56116796, "7": 780756666.3875057, "9": 5957175101.195307, "26": 987949927.5742666, "2": 95714730.85425489, "40": 97784833.8577507, "28": 93547498.40872656, "41": 76352667.07793345, "4": 69579594.03723551, "16": 51235382.24430163, "0": 53801379.000152804, "27": 41974285.517628394, "11": 62679486.1253128, "35": 32273607.723524787, "3": 65743822.31147594, "1": 78270264.3139827, "21": 36140143.66640084, "8": 43501636.763082266, "6": 55968510.43481152, "20": 692188737.0398036, "22": 3217682669.1690016, "14": 86785024.9365413, "10": 68317313.94742587, "36": 28277223.988749396, "34": 19062617093.795258, "30": 31796788.006848097, "13": 73603834.2862321, "18": 8663247362.738504, "33": 141019970.55911317, "15": 67796638.88171181, "19": 52582072.53717863, "17": 45195410.25607722, "29": 58088997991.05655, "31": 1532704461.3810506, "37": 100335486.72094187, "38": 159173892.79356393}}, "ensemble_0.plan_3": {"id": "ensemble_0.plan_3", "geo_id": "ensemble_0.plan_3_GEO", "mds_coord": [-0.35937313862953935, -0.5620968612652949], "dem_pct": 0.6666666666666666, "rep_pct": 0.3333333333333333, "rep_dists": [24, 22, 2, 20, 18, 9, 14, 15, 0, 19, 25, 23, 29, 37], "dem_dists": [31, 7, 17, 33, 36, 27, 4, 16, 34, 3, 21, 28, 5, 41, 13, 11, 6, 35, 8, 12, 40, 10, 1, 32, 26, 30, 39, 38], "opp_pct": 0.23809523809523808, "opportunity_districts": [31, 33, 36, 21, 5, 41, 13, 35, 12, 32], "population_data": {"white_pct": 0.5036659122774424, "asian_pct": 0.10888671783181517, "black_pct": 0.1143383040144724, "hisp_pct": 0.27310906587627004}, "area_data": {"29": 234536057565.31567, "19": 175216823212.58942, "24": 450425727.7572349, "14": 16144783632.98884, "26": 645518361.8588289, "37": 181130648.00032622, "30": 87791060.96307725, "23": 340320875.20230913, "22": 2854074234.467254, "4": 137367847.60140118, "9": 4551576961.03128, "16": 1726801057.0750556, "27": 59371104.33243665, "17": 97264236.71074907, "38": 116453913.33119406, "8": 63266073.045110986, "41": 42874349.26619795, "36": 53314776.85376388, "1": 60027380.049927905, "6": 90304658.47416389, "33": 39920033.028191015, "10": 50730879.2841345, "2": 22130949013.293087, "11": 53847782.77216603, "40": 53717979.10028925, "15": 74007189.94694701, "39": 48812898.71324978, "25": 58375778.5682486, "32": 99681123.2959744, "12": 39472957.2487275, "5": 33540870.74428597, "3": 265386607.25072747, "7": 105057734.51311311, "35": 35638240.65721744, "34": 50198670.13737219, "13": 44638788.79311547, "28": 234798031.92304394, "21": 39543996.26904491, "0": 12680569115.730762, "18": 5455918914.425775, "20": 1182118334.512353, "31": 64663766.17655743}}, "ensemble_0.plan_4": {"id": "ensemble_0.plan_4", "geo_id": "ensemble_0.plan_4_GEO", "mds_coord": [-0.5800461356554713, 0.2846227407954864], "dem_pct": 0.6428571428571429, "rep_pct": 0.35714285714285715, "rep_dists": [31, 24, 2, 36, 27, 15, 28, 35, 12, 1, 26, 23, 39, 37, 38], "dem_dists": [22, 7, 17, 33, 20, 18, 9, 4, 16, 34, 3, 14, 21, 5, 41, 13, 11, 6, 8, 0, 40, 10, 19, 32, 25, 30, 29], "opp_pct": 0.2857142857142857, "opportunity_districts": [22, 7, 9, 4, 16, 34, 3, 14, 5, 40, 10, 29], "population_data": {"white_pct": 0.4986323162124694, "asian_pct": 0.11025195893533202, "black_pct": 0.11548257272698856, "hisp_pct": 0.2756331521252099}, "area_data": {"27": 170132445964.98087, "39": 190706809225.68527, "25": 378497785.56169254, "26": 68410254225.23622, "24": 783971616.9483187, "0": 405103239.79443455, "18": 83743475.12473553, "37": 490582189.61830026, "12": 8903443014.400604, "2": 136110118.19759533, "17": 111136262.75064784, "21": 62689250.16197233, "20": 104052542.21829095, "30": 63503117.33996974, "19": 62326353.64064275, "14": 30020947.581277005, "7": 55384649.471266985, "15": 83461631.92241263, "28": 24599532779.392963, "10": 100213723.7506879, "40": 74188359.00357404,