{"ensemble_69": {"ensemble_id": "ensemble_69", "num_of_clusters": 3, "num_of_plans": 250, "avg_distance": 0.8044603249574561, "max_opp_pct": 0.3333333333333333, "min_opp_pct": 0.16666666666666666, "max_dem_pct": 0.7380952380952381, "max_rep_pct": 0.42857142857142855, "cluster_ids": ["ensemble_69.cluster_0", "ensemble_69.cluster_1", "ensemble_69.cluster_2"]}}