{"ensemble_51": {"ensemble_id": "ensemble_51", "num_of_clusters": 3, "num_of_plans": 1000, "avg_distance": 0.7660814479894095, "max_opp_pct": 0.5714285714285714, "min_opp_pct": 0.21428571428571427, "max_dem_pct": 0.5, "max_rep_pct": 0.8571428571428571, "cluster_ids": ["ensemble_51.cluster_0", "ensemble_51.cluster_1", "ensemble_51.cluster_2"]}}