{"ensemble_19.cluster_0": {"cluster_id": "ensemble_19.cluster_0", "num_of_plans": 84, "variation": 0.4608719164256179, "mds_coord": [-0.2274366585952627, -0.4145623541483812], "avg_plan": "ensemble_19.plan_2820", "plan_ids": ["ensemble_19.plan_0", "ensemble_19.plan_40", "ensemble_19.plan_160", "ensemble_19.plan_260", "ensemble_19.plan_300", "ensemble_19.plan_360", "ensemble_19.plan_440", "ensemble_19.plan_500", "ensemble_19.plan_620", "ensemble_19.plan_720", "ensemble_19.plan_740", "ensemble_19.plan_860", "ensemble_19.plan_900", "ensemble_19.plan_1080", "ensemble_19.plan_1100", "ensemble_19.plan_1140", "ensemble_19.plan_1160", "ensemble_19.plan_1300", "ensemble_19.plan_1340", "ensemble_19.plan_1400", "ensemble_19.plan_1440", "ensemble_19.plan_1460", "ensemble_19.plan_1480", "ensemble_19.plan_1500", "ensemble_19.plan_1520", "ensemble_19.plan_1600", "ensemble_19.plan_1640", "ensemble_19.plan_1860", "ensemble_19.plan_1920", "ensemble_19.plan_1960", "ensemble_19.plan_2040", "ensemble_19.plan_2120", "ensemble_19.plan_2260", "ensemble_19.plan_2300", "ensemble_19.plan_2340", "ensemble_19.plan_2360", "ensemble_19.plan_2380", "ensemble_19.plan_2400", "ensemble_19.plan_2500", "ensemble_19.plan_2520", "ensemble_19.plan_2600", "ensemble_19.plan_2660", "ensemble_19.plan_2700", "ensemble_19.plan_2720", "ensemble_19.plan_2820", "ensemble_19.plan_2880", "ensemble_19.plan_3000", "ensemble_19.plan_3060", "ensemble_19.plan_3100", "ensemble_19.plan_3120", "ensemble_19.plan_3200", "ensemble_19.plan_3220", "ensemble_19.plan_3380", "ensemble_19.plan_3440", "ensemble_19.plan_3460", "ensemble_19.plan_3480", "ensemble_19.plan_3500", "ensemble_19.plan_3540", "ensemble_19.plan_3560", "ensemble_19.plan_3620", "ensemble_19.plan_3720", "ensemble_19.plan_3780", "ensemble_19.plan_3800", "ensemble_19.plan_3840", "ensemble_19.plan_3940", "ensemble_19.plan_4060", "ensemble_19.plan_4120", "ensemble_19.plan_4140", "ensemble_19.plan_4160", "ensemble_19.plan_4200", "ensemble_19.plan_4220", "ensemble_19.plan_4240", "ensemble_19.plan_4300", "ensemble_19.plan_4320", "ensemble_19.plan_4400", "ensemble_19.plan_4420", "ensemble_19.plan_4440", "ensemble_19.plan_4540", "ensemble_19.plan_4580", "ensemble_19.plan_4660", "ensemble_19.plan_4760", "ensemble_19.plan_4800", "ensemble_19.plan_4960", "ensemble_19.plan_4980"]}, "ensemble_19.cluster_1": {"cluster_id": "ensemble_19.cluster_1", "num_of_plans": 87, "variation": 0.4659185440646072, "mds_coord": [0.46230253238200547, 0.026895934790873353], "avg_plan": "ensemble_19.plan_2680", "plan_ids": ["ensemble_19.plan_60", "ensemble_19.plan_100", "ensemble_19.plan_120", "ensemble_19.plan_180", "ensemble_19.plan_220", "ensemble_19.plan_280", "ensemble_19.plan_320", "ensemble_19.plan_340", "ensemble_19.plan_420", "ensemble_19.plan_520", "ensemble_19.plan_540", "ensemble_19.plan_560", "ensemble_19.plan_580", "ensemble_19.plan_600", "ensemble_19.plan_640", "ensemble_19.plan_680", "ensemble_19.plan_840", "ensemble_19.plan_880", "ensemble_19.plan_980", "ensemble_19.plan_1000", "ensemble_19.plan_1040", "ensemble_19.plan_1060", "ensemble_19.plan_1180", "ensemble_19.plan_1220", "ensemble_19.plan_1240", "ensemble_19.plan_1260", "ensemble_19.plan_1320", "ensemble_19.plan_1360", "ensemble_19.plan_1660", "ensemble_19.plan_1700", "ensemble_19.plan_1720", "ensemble_19.plan_1740", "ensemble_19.plan_1780", "ensemble_19.plan_1820", "ensemble_19.plan_1880", "ensemble_19.plan_1900", "ensemble_19.plan_1940", "ensemble_19.plan_2020", "ensemble_19.plan_2140", "ensemble_19.plan_2160", "ensemble_19.plan_2180", "ensemble_19.plan_2220", "ensemble_19.plan_2240", "ensemble_19.plan_2420", "ensemble_19.plan_2440", "ensemble_19.plan_2460", "ensemble_19.plan_2480", "ensemble_19.plan_2540", "ensemble_19.plan_2580", "ensemble_19.plan_2620", "ensemble_19.plan_2640", "ensemble_19.plan_2680", "ensemble_19.plan_2740", "ensemble_19.plan_2760", "ensemble_19.plan_2780", "ensemble_19.plan_2800", "ensemble_19.plan_2840", "ensemble_19.plan_2920", "ensemble_19.plan_2960", "ensemble_19.plan_2980", "ensemble_19.plan_3140", "ensemble_19.plan_3180", "ensemble_19.plan_3240", "ensemble_19.plan_3260", "ensemble_19.plan_3340", "ensemble_19.plan_3360", "ensemble_19.plan_3580", "ensemble_19.plan_3660", "ensemble_19.plan_3680", "ensemble_19.plan_3820", "ensemble_19.plan_3960", "ensemble_19.plan_3980", "ensemble_19.plan_4000", "ensemble_19.plan_4040", "ensemble_19.plan_4080", "ensemble_19.plan_4380", "ensemble_19.plan_4460", "ensemble_19.plan_4480", "ensemble_19.plan_4500", "ensemble_19.plan_4520", "ensemble_19.plan_4560", "ensemble_19.plan_4620", "ensemble_19.plan_4640", "ensemble_19.plan_4680", "ensemble_19.plan_4700", "ensemble_19.plan_4860", "ensemble_19.plan_4880"]}, "ensemble_19.cluster_2": {"cluster_id": "ensemble_19.cluster_2", "num_of_plans": 79, "variation": 0.4455212588180915, "mds_coord": [-0.2672865948763598, 0.4111809040716207], "avg_plan": "ensemble_19.plan_1380", "plan_ids": ["ensemble_19.plan_20", "ensemble_19.plan_80", "ensemble_19.plan_140", "ensemble_19.plan_200", "ensemble_19.plan_240", "ensemble_19.plan_380", "ensemble_19.plan_400", "ensemble_19.plan_460", "ensemble_19.plan_480", "ensemble_19.plan_660", "ensemble_19.plan_700", "ensemble_19.plan_760", "ensemble_19.plan_780", "ensemble_19.plan_800", "ensemble_19.plan_820", "ensemble_19.plan_920", "ensemble_19.plan_940", "ensemble_19.plan_960", "ensemble_19.plan_1020", "ensemble_19.plan_1120", "ensemble_19.plan_1200", "ensemble_19.plan_1280", "ensemble_19.plan_1380", "ensemble_19.plan_1420", "ensemble_19.plan_1540", "ensemble_19.plan_1560", "ensemble_19.plan_1580", "ensemble_19.plan_1620", "ensemble_19.plan_1680", "ensemble_19.plan_1760", "ensemble_19.plan_1800", "ensemble_19.plan_1840", "ensemble_19.plan_1980", "ensemble_19.plan_2000", "ensemble_19.plan_2060", "ensemble_19.plan_2080", "ensemble_19.plan_2100", "ensemble_19.plan_2200", "ensemble_19.plan_2280", "ensemble_19.plan_2320", "ensemble_19.plan_2560", "ensemble_19.plan_2860", "ensemble_19.plan_2900", "ensemble_19.plan_2940", "ensemble_19.plan_3020", "ensemble_19.plan_3040", "ensemble_19.plan_3080", "ensemble_19.plan_3160", "ensemble_19.plan_3280", "ensemble_19.plan_3300", "ensemble_19.plan_3320", "ensemble_19.plan_3400", "ensemble_19.plan_3420", "ensemble_19.plan_3520", "ensemble_19.plan_3600", "ensemble_19.plan_3640", "ensemble_19.plan_3700", "ensemble_19.plan_3740", "ensemble_19.plan_3760", "ensemble_19.plan_3860", "ensemble_19.plan_3880", "ensemble_19.plan_3900", "ensemble_19.plan_3920", "ensemble_19.plan_4020", "ensemble_19.plan_4100", "ensemble_19.plan_4180", "ensemble_19.plan_4260", "ensemble_19.plan_4280", "ensemble_19.plan_4340", "ensemble_19.plan_4360", "ensemble_19.plan_4600", "ensemble_19.plan_4720", "ensemble_19.plan_4740", "ensemble_19.plan_4780", "ensemble_19.plan_4820", "ensemble_19.plan_4840", "ensemble_19.plan_4900", "ensemble_19.plan_4920", "ensemble_19.plan_4940"]}}