{"ensemble_19": {"ensemble_id": "ensemble_19", "num_of_clusters": 3, "num_of_plans": 10, "avg_distance": 0.8210304371506422, "max_opp_pct": 0.42857142857142855, "min_opp_pct": 0.2857142857142857, "max_dem_pct": 0.35714285714285715, "max_rep_pct": 0.7142857142857143, "cluster_ids": ["ensemble_19.cluster_0", "ensemble_19.cluster_1", "ensemble_19.cluster_2"]}}