{"ensemble_19": {"ensemble_id": "ensemble_19", "num_of_clusters": 3, "num_of_plans": 250, "avg_distance": 0.7697992183682718, "max_opp_pct": 0.5714285714285714, "min_opp_pct": 0.21428571428571427, "max_dem_pct": 0.42857142857142855, "max_rep_pct": 0.7857142857142857, "cluster_ids": ["ensemble_19.cluster_0", "ensemble_19.cluster_1", "ensemble_19.cluster_2"]}}