{"ensemble_19.plan_0": {"id": "ensemble_19.plan_0", "geo_id": "ensemble_19.plan_0_GEO", "mds_coord": [-0.2499073726912575, 0.5570050744288386], "dem_pct": 0.2857142857142857, "rep_pct": 0.7142857142857143, "rep_dists": ["12", "10", "13", "03", "09", "04", "07", "14", "08", "01"], "dem_dists": ["06", "05", "02", "11"], "opp_pct": 0.35714285714285715, "opportunity_districts": ["13", "06", "07", "02", "11"], "population_data": {"white_pct": 0.5440689717557677, "asian_pct": 0.030473007356484585, "black_pct": 0.2990210599763374, "hisp_pct": 0.12643696091141035}, "area_data": {"13": 27723970951.27205, "12": 22552989208.76872, "08": 48336194246.447914, "01": 18439201539.62741, "02": 3283013886.437673, "03": 16657450296.60954, "10": 19176832826.94327, "11": 2121384997.5232105, "06": 1333010215.2784758, "04": 1353137396.3900797, "09": 14194237557.374914, "07": 37717222417.24638, "14": 3879962437.126816, "05": 1024383440.4986523}}, "ensemble_19.plan_20": {"id": "ensemble_19.plan_20", "geo_id": "ensemble_19.plan_20_GEO", "mds_coord": [0.19331369402203738, -0.5933870884023953], "dem_pct": 0.35714285714285715, "rep_pct": 0.6428571428571429, "rep_dists": ["12", "13", "03", "09", "07", "05", "02", "08", "01"], "dem_dists": ["10", "04", "06", "14", "11"], "opp_pct": 0.2857142857142857, "opportunity_districts": ["10", "06", "14", "08"], "population_data": {"white_pct": 0.5462446362064721, "asian_pct": 0.03093573315022257, "black_pct": 0.29451660946888997, "hisp_pct": 0.12830302117441525}, "area_data": {"08": 16415457116.489397, "12": 55746072211.89507, "05": 41808852321.04724, "09": 13546651226.295149, "03": 36941615761.270805, "13": 3258324392.929865, "06": 9746160378.331615, "10": 1300263418.4585245, "14": 2610661150.66261, "02": 13542809883.01582, "04": 935687088.7745703, "01": 15441857352.032637, "07": 5562332190.008222, "11": 936246926.333633}}, "ensemble_19.plan_40": {"id": "ensemble_19.plan_40", "geo_id": "N/A", "mds_coord": [0.12027162013130158, 0.5779435794531106], "dem_pct": 0.2857142857142857, "rep_pct": 0.7142857142857143, "rep_dists": ["12", "10", "09", "04", "06", "07", "14", "02", "08", "01"], "dem_dists": ["13", "03", "05", "11"], "opp_pct": 0.35714285714285715, "opportunity_districts": ["10", "03", "05", "08", "11"], "population_data": {"white_pct": 0.5475433973816455, "asian_pct": 0.031200637328591192, "black_pct": 0.293023058824425, "hisp_pct": 0.1282329064653384}, "area_data": {"07": 25634005447.85759, "03": 16575863312.375353, "04": 48923524940.897896, "10": 37813270042.46086, "08": 24691129098.651577, "01": 19222850846.09657, "06": 12847140073.46297, "11": 1873838807.3211389, "14": 1386405429.7120206, "02": 8688521905.5253, "05": 1245209616.0369828, "13": 1507063916.683933, "12": 1967219831.5338054, "09": 15416948148.929077}}, "ensemble_19.plan_60": {"id": "ensemble_19.plan_60", "geo_id": "N/A", "mds_coord": [-0.3000889816668081, -0.6050475391983725], "dem_pct": 0.2857142857142857, "rep_pct": 0.7142857142857143, "rep_dists": ["12", "13", "03", "04", "06", "05", "02", "08", "01", "11"], "dem_dists": ["10", "09", "07", "14"], "opp_pct": 0.35714285714285715, "opportunity_districts": ["10", "03", "09", "04", "07"], "population_data": {"white_pct": 0.5394151020238017, "asian_pct": 0.030870531684218223, "black_pct": 0.3014810156890014, "hisp_pct": 0.1282333506029787}, "area_data": {"08": 30246356813.195774, "02": 30667235520.655785, "12": 27113088303.417824, "03": 41397429706.74576, "04": 25465860594.171497, "05": 21173662949.8208, "10": 1916475852.5767243, "13": 1570524633.1640158, "07": 1850362239.1850812, "11": 17177529256.151875, "01": 12395875586.360014, "09": 1291887453.3143075, "06": 4755706183.129898, "14": 770996325.6557466}}, "ensemble_19.plan_80": {"id": "ensemble_19.plan_80", "geo_id": "ensemble_19.plan_80_GEO", "mds_coord": [-0.6089481845435852, 0.2759871109315037], "dem_pct": 0.2857142857142857, "rep_pct": 0.7142857142857143, "rep_dists": ["12", "10", "09", "06", "05", "14", "02", "08", "01", "11"], "dem_dists": ["13", "03", "04", "07"], "opp_pct": 0.42857142857142855, "opportunity_districts": ["12", "03", "04", "06", "07", "08"], "population_data": {"white_pct": 0.5450970865046422, "asian_pct": 0.03088254568629695, "black_pct": 0.29618002426544837, "hisp_pct": 0.12784034354361257}, "area_data": {"04": 1603947726.1890552, "06": 26249652660.695267, "02": 50813193127.36658, "12": 36048291910.022675, "11": 18251868850.296974, "14": 2075937902.9968789, "01": 12177833164.20044, "09": 19610899426.2788, "08": 29036668835.90808, "03": 2345163029.272787, "07": 1164447559.8095262, "05": 13953697454.39835, "13": 1060838568.7247597, "10": 3400551201.384896}}, "ensemble_19.plan_100": {"id": "ensemble_19.plan_100", "geo_id": "N/A", "mds_coord": [0.4996029322139574, 0.3851154325110615], "dem_pct": 0.2857142857142857, "rep_pct": 0.7142857142857143, "rep_dists": ["12", "13", "03", "04", "05", "14", "02", "08", "01", "11"], "dem_dists": ["10", "09", "06", "07"], "opp_pct": 0.35714285714285715, "opportunity_districts": ["10", "09", "06", "08", "01"], "population_data": {"white_pct": 0.549289824546199, "asian_pct": 0.03121184751960875, "black_pct": 0.29121337387288637, "hisp_pct": 0.128284954061306}, "area_data": {"01": 33576266500.713886, "03": 24822757274.769417, "13": 46965133570.71392, "02": 13752844590.306202, "14": 11354069690.682064, "06": 1940621522.7844927, "05": 28125469454.871517, "07": 1212160611.5635211, "09": 2378422287.1862974, "10": 997041193.4132878, "12": 3758530651.3975244, "08": 29912431310.21929, "04": 16824885145.32941, "11": 2172357613.594218}}, "ensemble_19.plan_120": {"id": "ensemble_19.plan_120", "geo_id": "N/A", "mds_coord": [0.651734120238569, -0.2617015405311135], "dem_pct": 0.2857142857142857, "rep_pct": 0.7142857142857143, "rep_dists": ["12", "10", "13", "03", "09", "04", "05", "14", "08", "01"], "dem_dists": ["06", "07", "02", "11"], "opp_pct": 0.35714285714285715, "opportunity_districts": ["12", "07", "02", "01", "11"], "population_data": {"white_pct": 0.5454298673263208, "asian_pct": 0.03084355433109951, "black_pct": 0.29504017828955964, "hisp_pct": 0.12868640005301993}, "area_data": {"12": 20553828602.449486, "04": 37334278797.305885, "10": 47309936547.21635, "05": 24395449119.64688, "08": 7442110714.283096, "01": 42632281010.69016, "11": 2423072947.8879147, "06": 1270094845.0730247, "07": 3427603825.3621387, "13": 11951077332.38711, "03": 1301077747.333604, "02": 863167220.3967239, "09": 3745795487.097495, "14": 13143217220.415182}}, "ensemble_19.plan_140": {"id": "ensemble_19.plan_140", "geo_id": "N/A", "mds_coord": [-0.5430642845865374, -0.17185587610211214], "dem_pct": 0.2857142857142857, "rep_pct": 0.7142857142857143, "rep_dists": ["10", "03", "09", "04", "06", "07", "05", "02", "08", "01"], "dem_dists": ["12", "13", "14", "11"], "opp_pct": 0.2857142857142857, "opportunity_districts": ["12", "13", "04", "11"], "population_data": {"white_pct": 0.5483706469359305, "asian_pct": 0.0317713621608421, "black_pct": 0.29044586921281457, "hisp_pct": 0.12941212169041286}, "area_data": {"03": 26098823752.630913, "08": 28973744093.980236, "01": 26923610172.68995, "04": 47860295575.9534, "11": 3071381675.230141, "14": 1106482777.217158, "05": 21742509374.030655, "09": 13231557480.473341, "12": 2526294653.1524673, "02": 22072210344.066826, "10": 4782272672.044895, "13": 986383222.4156827, "07": 16683759582.723515, "06": 1733666040.9359229}}, "ensemble_19.plan_160": {"id": "ensemble_19.plan_160", "geo_id": "ensemble_19.plan_160_GEO", "mds_coord": [0.3726183608148342, 0.012295823302901944], "dem_pct": 0.35714285714285715, "rep_pct": 0.6428571428571429, "rep_dists": ["12", "13", "09", "04", "05", "14", "08", "01", "11"], "dem_dists": ["10", "03", "06", "07", "02"], "opp_pct": 0.35714285714285715, "opportunity_districts": ["10", "07", "14", "02", "08"], "population_data": {"white_pct": 0.5442094163048787, "asian_pct": 0.0317077234111911, "black_pct": 0.2944205083196439, "hisp_pct": 0.12966235196428624},