{"ensemble_70.cluster_0": {"cluster_id": "ensemble_70.cluster_0", "num_of_plans": 83, "variation": 0.4530187792233669, "mds_coord": [0.10594405876093868, -0.4641913135694579], "avg_plan": "ensemble_70.plan_2414", "plan_ids": ["ensemble_70.plan_71", "ensemble_70.plan_426", "ensemble_70.plan_355", "ensemble_70.plan_568", "ensemble_70.plan_923", "ensemble_70.plan_1065", "ensemble_70.plan_994", "ensemble_70.plan_1207", "ensemble_70.plan_1349", "ensemble_70.plan_1633", "ensemble_70.plan_1917", "ensemble_70.plan_2201", "ensemble_70.plan_2414", "ensemble_70.plan_2556", "ensemble_70.plan_2627", "ensemble_70.plan_3053", "ensemble_70.plan_3195", "ensemble_70.plan_3479", "ensemble_70.plan_3763", "ensemble_70.plan_3834", "ensemble_70.plan_3976", "ensemble_70.plan_4118", "ensemble_70.plan_4047", "ensemble_70.plan_4331", "ensemble_70.plan_4402", "ensemble_70.plan_4473", "ensemble_70.plan_4828", "ensemble_70.plan_5183", "ensemble_70.plan_5396", "ensemble_70.plan_5680", "ensemble_70.plan_5822", "ensemble_70.plan_6248", "ensemble_70.plan_6603", "ensemble_70.plan_6887", "ensemble_70.plan_7313", "ensemble_70.plan_7242", "ensemble_70.plan_7597", "ensemble_70.plan_7810", "ensemble_70.plan_7881", "ensemble_70.plan_7952", "ensemble_70.plan_8165", "ensemble_70.plan_8449", "ensemble_70.plan_8520", "ensemble_70.plan_8591", "ensemble_70.plan_8875", "ensemble_70.plan_9017", "ensemble_70.plan_9159", "ensemble_70.plan_9301", "ensemble_70.plan_9443", "ensemble_70.plan_9585", "ensemble_70.plan_9656", "ensemble_70.plan_9798", "ensemble_70.plan_10153", "ensemble_70.plan_10508", "ensemble_70.plan_10650", "ensemble_70.plan_10863", "ensemble_70.plan_11076", "ensemble_70.plan_11218", "ensemble_70.plan_11360", "ensemble_70.plan_11573", "ensemble_70.plan_11715", "ensemble_70.plan_11999", "ensemble_70.plan_12283", "ensemble_70.plan_12425", "ensemble_70.plan_12567", "ensemble_70.plan_12638", "ensemble_70.plan_12922", "ensemble_70.plan_13348", "ensemble_70.plan_13419", "ensemble_70.plan_13490", "ensemble_70.plan_14413", "ensemble_70.plan_14626", "ensemble_70.plan_14768", "ensemble_70.plan_14981", "ensemble_70.plan_15052", "ensemble_70.plan_15336", "ensemble_70.plan_15265", "ensemble_70.plan_15620", "ensemble_70.plan_15975", "ensemble_70.plan_16188", "ensemble_70.plan_17040", "ensemble_70.plan_17324", "ensemble_70.plan_17537"]}, "ensemble_70.cluster_1": {"cluster_id": "ensemble_70.cluster_1", "num_of_plans": 84, "variation": 0.45910543825052824, "mds_coord": [0.3466154540635854, 0.32620346091383806], "avg_plan": "ensemble_70.plan_11928", "plan_ids": ["ensemble_70.plan_710", "ensemble_70.plan_852", "ensemble_70.plan_781", "ensemble_70.plan_1278", "ensemble_70.plan_1562", "ensemble_70.plan_1846", "ensemble_70.plan_2059", "ensemble_70.plan_2130", "ensemble_70.plan_2343", "ensemble_70.plan_2698", "ensemble_70.plan_2769", "ensemble_70.plan_2982", "ensemble_70.plan_3266", "ensemble_70.plan_3621", "ensemble_70.plan_3692", "ensemble_70.plan_4189", "ensemble_70.plan_4260", "ensemble_70.plan_4757", "ensemble_70.plan_4686", "ensemble_70.plan_5467", "ensemble_70.plan_5751", "ensemble_70.plan_6106", "ensemble_70.plan_6177", "ensemble_70.plan_6390", "ensemble_70.plan_6532", "ensemble_70.plan_6745", "ensemble_70.plan_6674", "ensemble_70.plan_7100", "ensemble_70.plan_7171", "ensemble_70.plan_7739", "ensemble_70.plan_8023", "ensemble_70.plan_8378", "ensemble_70.plan_8662", "ensemble_70.plan_8804", "ensemble_70.plan_9372", "ensemble_70.plan_9514", "ensemble_70.plan_9727", "ensemble_70.plan_9869", "ensemble_70.plan_9940", "ensemble_70.plan_10295", "ensemble_70.plan_10366", "ensemble_70.plan_10579", "ensemble_70.plan_10721", "ensemble_70.plan_10792", "ensemble_70.plan_10934", "ensemble_70.plan_11147", "ensemble_70.plan_11289", "ensemble_70.plan_11502", "ensemble_70.plan_11857", "ensemble_70.plan_11928", "ensemble_70.plan_12141", "ensemble_70.plan_12212", "ensemble_70.plan_12709", "ensemble_70.plan_12780", "ensemble_70.plan_12993", "ensemble_70.plan_13064", "ensemble_70.plan_13135", "ensemble_70.plan_13561", "ensemble_70.plan_13632", "ensemble_70.plan_13703", "ensemble_70.plan_13987", "ensemble_70.plan_14058", "ensemble_70.plan_14129", "ensemble_70.plan_14271", "ensemble_70.plan_14342", "ensemble_70.plan_14484", "ensemble_70.plan_14555", "ensemble_70.plan_15123", "ensemble_70.plan_15194", "ensemble_70.plan_15407", "ensemble_70.plan_15478", "ensemble_70.plan_15549", "ensemble_70.plan_15762", "ensemble_70.plan_15904", "ensemble_70.plan_16046", "ensemble_70.plan_16117", "ensemble_70.plan_16543", "ensemble_70.plan_16614", "ensemble_70.plan_16898", "ensemble_70.plan_16969", "ensemble_70.plan_17111", "ensemble_70.plan_17182", "ensemble_70.plan_17395", "ensemble_70.plan_17466"]}, "ensemble_70.cluster_2": {"cluster_id": "ensemble_70.cluster_2", "num_of_plans": 83, "variation": 0.4532371723500129, "mds_coord": [-0.45673560263251906, 0.13405769047593516], "avg_plan": "ensemble_70.plan_2911", "plan_ids": ["ensemble_70.plan_497", "ensemble_70.plan_142", "ensemble_70.plan_213", "ensemble_70.plan_284", "ensemble_70.plan_0", "ensemble_70.plan_639", "ensemble_70.plan_1136", "ensemble_70.plan_1420", "ensemble_70.plan_1491", "ensemble_70.plan_1704", "ensemble_70.plan_1775", "ensemble_70.plan_1988", "ensemble_70.plan_2272", "ensemble_70.plan_2485", "ensemble_70.plan_2840", "ensemble_70.plan_2911", "ensemble_70.plan_3124", "ensemble_70.plan_3337", "ensemble_70.plan_3408", "ensemble_70.plan_3550", "ensemble_70.plan_3905", "ensemble_70.plan_4544", "ensemble_70.plan_4615", "ensemble_70.plan_4899", "ensemble_70.plan_4970", "ensemble_70.plan_5041", "ensemble_70.plan_5112", "ensemble_70.plan_5325", "ensemble_70.plan_5254", "ensemble_70.plan_5538", "ensemble_70.plan_5609", "ensemble_70.plan_5893", "ensemble_70.plan_5964", "ensemble_70.plan_6035", "ensemble_70.plan_6319", "ensemble_70.plan_6461", "ensemble_70.plan_6816", "ensemble_70.plan_6958", "ensemble_70.plan_7029", "ensemble_70.plan_7384", "ensemble_70.plan_7455", "ensemble_70.plan_7526", "ensemble_70.plan_7668", "ensemble_70.plan_8094", "ensemble_70.plan_8236", "ensemble_70.plan_8307", "ensemble_70.plan_8733", "ensemble_70.plan_8946", "ensemble_70.plan_9088", "ensemble_70.plan_9230", "ensemble_70.plan_10011", "ensemble_70.plan_10082", "ensemble_70.plan_10224", "ensemble_70.plan_10437", "ensemble_70.plan_11005", "ensemble_70.plan_11431", "ensemble_70.plan_11644", "ensemble_70.plan_11786", "ensemble_70.plan_12070", "ensemble_70.plan_12354", "ensemble_70.plan_12496", "ensemble_70.plan_12851", "ensemble_70.plan_13206", "ensemble_70.plan_13277", "ensemble_70.plan_13774", "ensemble_70.plan_13845", "ensemble_70.plan_13916", "ensemble_70.plan_14200", "ensemble_70.plan_14697", "ensemble_70.plan_14839", "ensemble_70.plan_14910", "ensemble_70.plan_15691", "ensemble_70.plan_15833", "ensemble_70.plan_16330", "ensemble_70.plan_16259", "ensemble_70.plan_16401", "ensemble_70.plan_16472", "ensemble_70.plan_16756", "ensemble_70.plan_16685", "ensemble_70.plan_16827", "ensemble_70.plan_17253", "ensemble_70.plan_17608", "ensemble_70.plan_17679"]}}