{"ensemble_70": {"ensemble_id": "ensemble_70", "num_of_clusters": 3, "num_of_plans": 250, "avg_distance": 0.7690095991492575, "max_opp_pct": 0.21428571428571427, "min_opp_pct": 0.07142857142857142, "max_dem_pct": 0.5714285714285714, "max_rep_pct": 0.7142857142857143, "cluster_ids": ["ensemble_70.cluster_0", "ensemble_70.cluster_1", "ensemble_70.cluster_2"]}}