{"cluster_mapping": {"0": [3, 4, 7], "1": [1, 5, 6], "2": [0, 2, 8, 9]}, "centroid_mapping": {"0": [0.3529548874200602, -0.35478711952777414], "1": [0.21158877099178655, 0.45130313952166384], "2": [-0.42340774380888513, -0.07238701499541723]}, "avg_plans": {"0": 3, "1": 6, "2": 0}, "avg_distances": {"0": 0.4723907007503488, "1": 0.4743157913684934, "2": 0.5910126862405586}, "avg_enesmble_distance": 0.8056576110748636}